direction,other_agency,other_city,other_state,evidence_portal
Chicago can access data from,Adrian MI PD,Adrian,MI,https://transparency.flocksafety.com/adrian-mi-pd
Chicago can access data from,Adrian MI PD,Adrian,MI,https://transparency.flocksafety.com/adrian-mi-pd
Chicago can access data from,Adrian MI PD,Adrian,MI,https://transparency.flocksafety.com/adrian-mi-pd
Chicago can access data from,Adrian MI PD,Adrian,MI,https://transparency.flocksafety.com/adrian-mi-pd
Chicago can access data from,Adrian MI PD,Adrian,MI,https://transparency.flocksafety.com/adrian-mi-pd
Chicago can access data from,Adrian MI PD,Adrian,MI,https://transparency.flocksafety.com/adrian-mi-pd
Chicago can access data from,Allen County IN SO,Allen County,IN,https://transparency.flocksafety.com/allen-county-in-so
Chicago can access data from,Anoka County MN SO,Anoka County,MN,https://transparency.flocksafety.com/anoka-county-mn-so
Chicago can access data from,Anoka County MN SO,Anoka County,MN,https://transparency.flocksafety.com/anoka-county-mn-so
Chicago can access data from,Anoka County MN SO,Anoka County,MN,https://transparency.flocksafety.com/anoka-county-mn-so
Chicago can access data from,Anoka County MN SO,Anoka County,MN,https://transparency.flocksafety.com/anoka-county-mn-so
Chicago can access data from,Aviston IL PD,Aviston,IL,https://transparency.flocksafety.com/aviston-il-pd
Chicago can access data from,Aviston IL PD,Aviston,IL,https://transparency.flocksafety.com/aviston-il-pd
Chicago can access data from,Aviston IL PD,Aviston,IL,https://transparency.flocksafety.com/aviston-il-pd
Chicago can access data from,Bartlett IL PD,Bartlett,IL,https://transparency.flocksafety.com/bartlett-il-pd
Chicago can access data from,Bartlett IL PD,Bartlett,IL,https://transparency.flocksafety.com/bartlett-il-pd
Chicago can access data from,Bartlett IL PD,Bartlett,IL,https://transparency.flocksafety.com/bartlett-il-pd
Chicago can access data from,Bartlett IL PD,Bartlett,IL,https://transparency.flocksafety.com/bartlett-il-pd
Chicago can access data from,Bartlett IL PD,Bartlett,IL,https://transparency.flocksafety.com/bartlett-il-pd
Chicago can access data from,Baytown TX PD,Baytown,TX,https://transparency.flocksafety.com/baytown-tx-pd
Chicago can access data from,Baytown TX PD,Baytown,TX,https://transparency.flocksafety.com/baytown-tx-pd
Chicago can access data from,Baytown TX PD,Baytown,TX,https://transparency.flocksafety.com/baytown-tx-pd
Chicago can access data from,Baytown TX PD,Baytown,TX,https://transparency.flocksafety.com/baytown-tx-pd
Chicago can access data from,Baytown TX PD,Baytown,TX,https://transparency.flocksafety.com/baytown-tx-pd
Chicago can access data from,Beardstown IL PD,Beardstown,IL,https://transparency.flocksafety.com/beardstown-il-pd
Chicago can access data from,Beardstown IL PD,Beardstown,IL,https://transparency.flocksafety.com/beardstown-il-pd
Chicago can access data from,Beardstown IL PD,Beardstown,IL,https://transparency.flocksafety.com/beardstown-il-pd
Chicago can access data from,Beardstown IL PD,Beardstown,IL,https://transparency.flocksafety.com/beardstown-il-pd
Chicago can access data from,Beecher IL PD,Beecher,IL,https://transparency.flocksafety.com/beecher-il-pd
Chicago can access data from,Beecher IL PD,Beecher,IL,https://transparency.flocksafety.com/beecher-il-pd
Chicago can access data from,Beecher IL PD,Beecher,IL,https://transparency.flocksafety.com/beecher-il-pd
Chicago can access data from,Beecher IL PD,Beecher,IL,https://transparency.flocksafety.com/beecher-il-pd
Chicago can access data from,Beecher IL PD,Beecher,IL,https://transparency.flocksafety.com/beecher-il-pd
Chicago can access data from,Beecher IL PD,Beecher,IL,https://transparency.flocksafety.com/beecher-il-pd
Chicago can access data from,Bethany IL PD,Bethany,IL,https://transparency.flocksafety.com/bethany-il-pd
Chicago can access data from,Bethany IL PD,Bethany,IL,https://transparency.flocksafety.com/bethany-il-pd
Chicago can access data from,Bloomfield NM PD,Bloomfield,NM,https://transparency.flocksafety.com/bloomfield-nm-pd
Chicago can access data from,Bloomfield NM PD,Bloomfield,NM,https://transparency.flocksafety.com/bloomfield-nm-pd
Chicago can access data from,Blue Island IL PD,Blue Island,IL,https://transparency.flocksafety.com/blue-island-il-pd
Chicago can access data from,Blue Island IL PD,Blue Island,IL,https://transparency.flocksafety.com/blue-island-il-pd
Chicago can access data from,Blue Island IL PD,Blue Island,IL,https://transparency.flocksafety.com/blue-island-il-pd
Chicago can access data from,Blue Island IL PD,Blue Island,IL,https://transparency.flocksafety.com/blue-island-il-pd
Chicago can access data from,Blue Island IL PD,Blue Island,IL,https://transparency.flocksafety.com/blue-island-il-pd
Chicago can access data from,Blue Island IL PD,Blue Island,IL,https://transparency.flocksafety.com/blue-island-il-pd
Chicago can access data from,Blue Springs MO PD,Blue Springs,MO,https://transparency.flocksafety.com/blue-springs-mo-pd
Chicago can access data from,Blue Springs MO PD,Blue Springs,MO,https://transparency.flocksafety.com/blue-springs-mo-pd
Chicago can access data from,Blue Springs MO PD,Blue Springs,MO,https://transparency.flocksafety.com/blue-springs-mo-pd
Chicago can access data from,Blue Springs MO PD,Blue Springs,MO,https://transparency.flocksafety.com/blue-springs-mo-pd
Chicago can access data from,Boone County IN SO,Boone County,IN,https://transparency.flocksafety.com/boone-county-in-so
Chicago can access data from,Boone County IN SO,Boone County,IN,https://transparency.flocksafety.com/boone-county-in-so
Chicago can access data from,Boone County IN SO,Boone County,IN,https://transparency.flocksafety.com/boone-county-in-so
Chicago can access data from,Boone County IN SO,Boone County,IN,https://transparency.flocksafety.com/boone-county-in-so
Chicago can access data from,Boone County IN SO,Boone County,IN,https://transparency.flocksafety.com/boone-county-in-so
Chicago can access data from,Bourbonnais IL PD,Bourbonnais,IL,https://transparency.flocksafety.com/bourbonnais-il-pd
Chicago can access data from,Bourbonnais IL PD,Bourbonnais,IL,https://transparency.flocksafety.com/bourbonnais-il-pd
Chicago can access data from,Bourbonnais IL PD,Bourbonnais,IL,https://transparency.flocksafety.com/bourbonnais-il-pd
Chicago can access data from,Bourbonnais IL PD,Bourbonnais,IL,https://transparency.flocksafety.com/bourbonnais-il-pd
Chicago can access data from,Bourbonnais IL PD,Bourbonnais,IL,https://transparency.flocksafety.com/bourbonnais-il-pd
Chicago can access data from,Bradley IL PD,Bradley,IL,https://transparency.flocksafety.com/bradley-il-pd
Chicago can access data from,Bradley IL PD,Bradley,IL,https://transparency.flocksafety.com/bradley-il-pd
Chicago can access data from,Bradley IL PD,Bradley,IL,https://transparency.flocksafety.com/bradley-il-pd
Chicago can access data from,Bradley IL PD,Bradley,IL,https://transparency.flocksafety.com/bradley-il-pd
Chicago can access data from,Bradley IL PD,Bradley,IL,https://transparency.flocksafety.com/bradley-il-pd
Chicago can access data from,Bradley IL PD,Bradley,IL,https://transparency.flocksafety.com/bradley-il-pd
Chicago can access data from,Breese IL PD,Breese,IL,https://transparency.flocksafety.com/breese-il-pd
Chicago can access data from,Breese IL PD,Breese,IL,https://transparency.flocksafety.com/breese-il-pd
Chicago can access data from,Breese IL PD,Breese,IL,https://transparency.flocksafety.com/breese-il-pd
Chicago can access data from,Breese IL PD,Breese,IL,https://transparency.flocksafety.com/breese-il-pd
Chicago can access data from,Breese IL PD,Breese,IL,https://transparency.flocksafety.com/breese-il-pd
Chicago can access data from,Brentwood MO PD,Brentwood,MO,https://transparency.flocksafety.com/brentwood-mo-pd
Chicago can access data from,Burr Ridge IL PD,Burr Ridge,IL,https://transparency.flocksafety.com/burr-ridge-il-pd
Chicago can access data from,Burr Ridge IL PD,Burr Ridge,IL,https://transparency.flocksafety.com/burr-ridge-il-pd
Chicago can access data from,Burr Ridge IL PD,Burr Ridge,IL,https://transparency.flocksafety.com/burr-ridge-il-pd
Chicago can access data from,Burr Ridge IL PD,Burr Ridge,IL,https://transparency.flocksafety.com/burr-ridge-il-pd
Chicago can access data from,Burr Ridge IL PD,Burr Ridge,IL,https://transparency.flocksafety.com/burr-ridge-il-pd
Chicago can access data from,Burr Ridge IL PD,Burr Ridge,IL,https://transparency.flocksafety.com/burr-ridge-il-pd
Chicago can access data from,Calloway County KY SO,Calloway County,KY,https://transparency.flocksafety.com/calloway-county-ky-so
Chicago can access data from,Calloway County KY SO,Calloway County,KY,https://transparency.flocksafety.com/calloway-county-ky-so
Chicago can access data from,Calloway County KY SO,Calloway County,KY,https://transparency.flocksafety.com/calloway-county-ky-so
Chicago can access data from,Calloway County KY SO,Calloway County,KY,https://transparency.flocksafety.com/calloway-county-ky-so
Chicago can access data from,Carlyle IL PD,Carlyle,IL,https://transparency.flocksafety.com/carlyle-il-pd
Chicago can access data from,Carlyle IL PD,Carlyle,IL,https://transparency.flocksafety.com/carlyle-il-pd
Chicago can access data from,Carlyle IL PD,Carlyle,IL,https://transparency.flocksafety.com/carlyle-il-pd
Chicago can access data from,Carlyle IL PD,Carlyle,IL,https://transparency.flocksafety.com/carlyle-il-pd
Chicago can access data from,Carlyle IL PD,Carlyle,IL,https://transparency.flocksafety.com/carlyle-il-pd
Chicago can access data from,Casey IL PD,Casey,IL,https://transparency.flocksafety.com/casey-il-pd
Chicago can access data from,Casey IL PD,Casey,IL,https://transparency.flocksafety.com/casey-il-pd
Chicago can access data from,Casey IL PD,Casey,IL,https://transparency.flocksafety.com/casey-il-pd
Chicago can access data from,Casey IL PD,Casey,IL,https://transparency.flocksafety.com/casey-il-pd
Chicago can access data from,Casey IL PD,Casey,IL,https://transparency.flocksafety.com/casey-il-pd
Chicago can access data from,Cass County IL SO,Cass County,IL,https://transparency.flocksafety.com/cass-county-il-so
Chicago can access data from,Cass County IL SO,Cass County,IL,https://transparency.flocksafety.com/cass-county-il-so
Chicago can access data from,Cass County IL SO,Cass County,IL,https://transparency.flocksafety.com/cass-county-il-so
Chicago can access data from,Cass County IL SO,Cass County,IL,https://transparency.flocksafety.com/cass-county-il-so
Chicago can access data from,Cass County IL SO,Cass County,IL,https://transparency.flocksafety.com/cass-county-il-so
Chicago can access data from,Chatham IL PD,Chatham,IL,https://transparency.flocksafety.com/chatham-il-pd
Chicago can access data from,Chatham IL PD,Chatham,IL,https://transparency.flocksafety.com/chatham-il-pd
Chicago can access data from,Chatham IL PD,Chatham,IL,https://transparency.flocksafety.com/chatham-il-pd
Chicago can access data from,Chatham IL PD,Chatham,IL,https://transparency.flocksafety.com/chatham-il-pd
Chicago can access data from,Chatham IL PD,Chatham,IL,https://transparency.flocksafety.com/chatham-il-pd
Chicago can access data from,Chatham IL PD,Chatham,IL,https://transparency.flocksafety.com/chatham-il-pd
Chicago can access data from,Clark County OH SO,Clark County,OH,https://transparency.flocksafety.com/clark-county-oh-so
Chicago can access data from,Clark County OH SO,Clark County,OH,https://transparency.flocksafety.com/clark-county-oh-so
Chicago can access data from,Clark County OH SO,Clark County,OH,https://transparency.flocksafety.com/clark-county-oh-so
Chicago can access data from,Clive IA PD,Clive,IA,https://transparency.flocksafety.com/clive-ia-pd
Chicago can access data from,Clive IA PD,Clive,IA,https://transparency.flocksafety.com/clive-ia-pd
Chicago can access data from,Clive IA PD,Clive,IA,https://transparency.flocksafety.com/clive-ia-pd
Chicago can access data from,Clive IA PD,Clive,IA,https://transparency.flocksafety.com/clive-ia-pd
Chicago can access data from,Coldwater MI PD,Coldwater,MI,https://transparency.flocksafety.com/coldwater-mi-pd
Chicago can access data from,Coldwater MI PD,Coldwater,MI,https://transparency.flocksafety.com/coldwater-mi-pd
Chicago can access data from,Coldwater MI PD,Coldwater,MI,https://transparency.flocksafety.com/coldwater-mi-pd
Chicago can access data from,Coldwater MI PD,Coldwater,MI,https://transparency.flocksafety.com/coldwater-mi-pd
Chicago can access data from,Cortland IL PD,Cortland,IL,https://transparency.flocksafety.com/cortland-il-pd
Chicago can access data from,Cortland IL PD,Cortland,IL,https://transparency.flocksafety.com/cortland-il-pd
Chicago can access data from,Cortland IL PD,Cortland,IL,https://transparency.flocksafety.com/cortland-il-pd
Chicago can access data from,Cortland IL PD,Cortland,IL,https://transparency.flocksafety.com/cortland-il-pd
Chicago can access data from,Cottage Grove WI PD,Cottage Grove,WI,https://transparency.flocksafety.com/cottage-grove-wi-pd
Chicago can access data from,Cottage Grove WI PD,Cottage Grove,WI,https://transparency.flocksafety.com/cottage-grove-wi-pd
Chicago can access data from,Cottage Grove WI PD,Cottage Grove,WI,https://transparency.flocksafety.com/cottage-grove-wi-pd
Chicago can access data from,Crystal Lake IL PD,Crystal Lake,IL,https://transparency.flocksafety.com/crystal-lake-il-pd
Chicago can access data from,Crystal Lake IL PD,Crystal Lake,IL,https://transparency.flocksafety.com/crystal-lake-il-pd
Chicago can access data from,Crystal Lake IL PD,Crystal Lake,IL,https://transparency.flocksafety.com/crystal-lake-il-pd
Chicago can access data from,Crystal Lake IL PD,Crystal Lake,IL,https://transparency.flocksafety.com/crystal-lake-il-pd
Chicago can access data from,Crystal Lake IL PD,Crystal Lake,IL,https://transparency.flocksafety.com/crystal-lake-il-pd
Chicago can access data from,Dakota County NE SO,Dakota County,NE,https://transparency.flocksafety.com/dakota-county-ne-so
Chicago can access data from,Darien IL PD,Darien,IL,https://transparency.flocksafety.com/darien-il-pd
Chicago can access data from,Darien IL PD,Darien,IL,https://transparency.flocksafety.com/darien-il-pd
Chicago can access data from,Darien IL PD,Darien,IL,https://transparency.flocksafety.com/darien-il-pd
Chicago can access data from,Darien IL PD,Darien,IL,https://transparency.flocksafety.com/darien-il-pd
Chicago can access data from,Darien IL PD,Darien,IL,https://transparency.flocksafety.com/darien-il-pd
Chicago can access data from,Davenport IA PD,Davenport,IA,https://transparency.flocksafety.com/davenport-ia-pd
Chicago can access data from,Davenport IA PD,Davenport,IA,https://transparency.flocksafety.com/davenport-ia-pd
Chicago can access data from,Davenport IA PD,Davenport,IA,https://transparency.flocksafety.com/davenport-ia-pd
Chicago can access data from,DeKalb IL PD,DeKalb,IL,https://transparency.flocksafety.com/dekalb-il-pd
Chicago can access data from,DeKalb IL PD,DeKalb,IL,https://transparency.flocksafety.com/dekalb-il-pd
Chicago can access data from,Defiance County OH SO,Defiance County,OH,https://transparency.flocksafety.com/defiance-county-oh-so
Chicago can access data from,Delphi IN PD,Delphi,IN,https://transparency.flocksafety.com/delphi-in-pd
Chicago can access data from,Delphi IN PD,Delphi,IN,https://transparency.flocksafety.com/delphi-in-pd
Chicago can access data from,Delphi IN PD,Delphi,IN,https://transparency.flocksafety.com/delphi-in-pd
Chicago can access data from,Delphi IN PD,Delphi,IN,https://transparency.flocksafety.com/delphi-in-pd
Chicago can access data from,Earlham IA PD,Earlham,IA,https://transparency.flocksafety.com/earlham-ia-pd
Chicago can access data from,Eau Claire County WI SO,Eau Claire County,WI,https://transparency.flocksafety.com/eau-claire-county-wi-so
Chicago can access data from,Eau Claire County WI SO,Eau Claire County,WI,https://transparency.flocksafety.com/eau-claire-county-wi-so
Chicago can access data from,Eau Claire County WI SO,Eau Claire County,WI,https://transparency.flocksafety.com/eau-claire-county-wi-so
Chicago can access data from,Eau Claire County WI SO,Eau Claire County,WI,https://transparency.flocksafety.com/eau-claire-county-wi-so
Chicago can access data from,Effingham IL PD,Effingham,IL,https://transparency.flocksafety.com/effingham-il-pd
Chicago can access data from,Effingham IL PD,Effingham,IL,https://transparency.flocksafety.com/effingham-il-pd
Chicago can access data from,Effingham IL PD,Effingham,IL,https://transparency.flocksafety.com/effingham-il-pd
Chicago can access data from,Effingham IL PD,Effingham,IL,https://transparency.flocksafety.com/effingham-il-pd
Chicago can access data from,Effingham IL PD,Effingham,IL,https://transparency.flocksafety.com/effingham-il-pd
Chicago can access data from,Effingham IL PD,Effingham,IL,https://transparency.flocksafety.com/effingham-il-pd
Chicago can access data from,Elizabethtown KY PD,Elizabethtown,KY,https://transparency.flocksafety.com/elizabethtown-ky-pd
Chicago can access data from,Elizabethtown KY PD,Elizabethtown,KY,https://transparency.flocksafety.com/elizabethtown-ky-pd
Chicago can access data from,Elizabethtown KY PD,Elizabethtown,KY,https://transparency.flocksafety.com/elizabethtown-ky-pd
Chicago can access data from,Elizabethtown KY PD,Elizabethtown,KY,https://transparency.flocksafety.com/elizabethtown-ky-pd
Chicago can access data from,Elizabethtown KY PD,Elizabethtown,KY,https://transparency.flocksafety.com/elizabethtown-ky-pd
Chicago can access data from,Elizabethtown KY PD,Elizabethtown,KY,https://transparency.flocksafety.com/elizabethtown-ky-pd
Chicago can access data from,Elmwood Park IL PD,Elmwood Park,IL,https://transparency.flocksafety.com/elmwood-park-il-pd
Chicago can access data from,Elmwood Park IL PD,Elmwood Park,IL,https://transparency.flocksafety.com/elmwood-park-il-pd
Chicago can access data from,Elmwood Park IL PD,Elmwood Park,IL,https://transparency.flocksafety.com/elmwood-park-il-pd
Chicago can access data from,Elmwood Park IL PD,Elmwood Park,IL,https://transparency.flocksafety.com/elmwood-park-il-pd
Chicago can access data from,Elmwood Park IL PD,Elmwood Park,IL,https://transparency.flocksafety.com/elmwood-park-il-pd
Chicago can access data from,Elmwood Park IL PD,Elmwood Park,IL,https://transparency.flocksafety.com/elmwood-park-il-pd
Chicago can access data from,Elyria OH PD,Elyria,OH,https://transparency.flocksafety.com/elyria-oh-pd
Chicago can access data from,Evergreen Park IL PD,Evergreen Park,IL,https://transparency.flocksafety.com/evergreen-park-il-pd
Chicago can access data from,Evergreen Park IL PD,Evergreen Park,IL,https://transparency.flocksafety.com/evergreen-park-il-pd
Chicago can access data from,Evergreen Park IL PD,Evergreen Park,IL,https://transparency.flocksafety.com/evergreen-park-il-pd
Chicago can access data from,Evergreen Park IL PD,Evergreen Park,IL,https://transparency.flocksafety.com/evergreen-park-il-pd
Chicago can access data from,Evergreen Park IL PD,Evergreen Park,IL,https://transparency.flocksafety.com/evergreen-park-il-pd
Chicago can access data from,Evergreen Park IL PD,Evergreen Park,IL,https://transparency.flocksafety.com/evergreen-park-il-pd
Chicago can access data from,Fairfax OH PD,Fairfax,OH,https://transparency.flocksafety.com/fairfax-oh-pd
Chicago can access data from,Fairfax OH PD,Fairfax,OH,https://transparency.flocksafety.com/fairfax-oh-pd
Chicago can access data from,Fairfax OH PD,Fairfax,OH,https://transparency.flocksafety.com/fairfax-oh-pd
Chicago can access data from,Fairfax OH PD,Fairfax,OH,https://transparency.flocksafety.com/fairfax-oh-pd
Chicago can access data from,Fairfax OH PD,Fairfax,OH,https://transparency.flocksafety.com/fairfax-oh-pd
Chicago can access data from,Fairfax OH PD,Fairfax,OH,https://transparency.flocksafety.com/fairfax-oh-pd
Chicago can access data from,Festus MO PD,Festus,MO,https://transparency.flocksafety.com/festus-mo-pd
Chicago can access data from,Festus MO PD,Festus,MO,https://transparency.flocksafety.com/festus-mo-pd
Chicago can access data from,Festus MO PD,Festus,MO,https://transparency.flocksafety.com/festus-mo-pd
Chicago can access data from,Flossmoor IL PD,Flossmoor,IL,https://transparency.flocksafety.com/flossmoor-il-pd
Chicago can access data from,Flossmoor IL PD,Flossmoor,IL,https://transparency.flocksafety.com/flossmoor-il-pd
Chicago can access data from,Flossmoor IL PD,Flossmoor,IL,https://transparency.flocksafety.com/flossmoor-il-pd
Chicago can access data from,Flossmoor IL PD,Flossmoor,IL,https://transparency.flocksafety.com/flossmoor-il-pd
Chicago can access data from,Flossmoor IL PD,Flossmoor,IL,https://transparency.flocksafety.com/flossmoor-il-pd
Chicago can access data from,Flossmoor IL PD,Flossmoor,IL,https://transparency.flocksafety.com/flossmoor-il-pd
Chicago can access data from,Forest Park OH PD,Forest Park,OH,https://transparency.flocksafety.com/forest-park-oh-pd
Chicago can access data from,Forest Park OH PD,Forest Park,OH,https://transparency.flocksafety.com/forest-park-oh-pd
Chicago can access data from,Forest Park OH PD,Forest Park,OH,https://transparency.flocksafety.com/forest-park-oh-pd
Chicago can access data from,Forest Park OH PD,Forest Park,OH,https://transparency.flocksafety.com/forest-park-oh-pd
Chicago can access data from,Forest Park OH PD,Forest Park,OH,https://transparency.flocksafety.com/forest-park-oh-pd
Chicago can access data from,Gahanna OH PD,Gahanna,OH,https://transparency.flocksafety.com/gahanna-oh-pd
Chicago can access data from,Gahanna OH PD,Gahanna,OH,https://transparency.flocksafety.com/gahanna-oh-pd
Chicago can access data from,Gahanna OH PD,Gahanna,OH,https://transparency.flocksafety.com/gahanna-oh-pd
Chicago can access data from,Gahanna OH PD,Gahanna,OH,https://transparency.flocksafety.com/gahanna-oh-pd
Chicago can access data from,Glen Ellyn IL PD,Glen Ellyn,IL,https://transparency.flocksafety.com/glen-ellyn-il-pd
Chicago can access data from,Glen Ellyn IL PD,Glen Ellyn,IL,https://transparency.flocksafety.com/glen-ellyn-il-pd
Chicago can access data from,Glen Ellyn IL PD,Glen Ellyn,IL,https://transparency.flocksafety.com/glen-ellyn-il-pd
Chicago can access data from,Glen Ellyn IL PD,Glen Ellyn,IL,https://transparency.flocksafety.com/glen-ellyn-il-pd
Chicago can access data from,Glen Ellyn IL PD,Glen Ellyn,IL,https://transparency.flocksafety.com/glen-ellyn-il-pd
Chicago can access data from,Glendale Heights IL PD,Glendale Heights,IL,https://transparency.flocksafety.com/glendale-heights-il-pd
Chicago can access data from,Glendale Heights IL PD,Glendale Heights,IL,https://transparency.flocksafety.com/glendale-heights-il-pd
Chicago can access data from,Glendale Heights IL PD,Glendale Heights,IL,https://transparency.flocksafety.com/glendale-heights-il-pd
Chicago can access data from,Glendale Heights IL PD,Glendale Heights,IL,https://transparency.flocksafety.com/glendale-heights-il-pd
Chicago can access data from,Glendale Heights IL PD,Glendale Heights,IL,https://transparency.flocksafety.com/glendale-heights-il-pd
Chicago can access data from,Glendale Heights IL PD,Glendale Heights,IL,https://transparency.flocksafety.com/glendale-heights-il-pd
Chicago can access data from,Golf Manor OH PD,Golf Manor,OH,https://transparency.flocksafety.com/golf-manor-oh-pd
Chicago can access data from,Golf Manor OH PD,Golf Manor,OH,https://transparency.flocksafety.com/golf-manor-oh-pd
Chicago can access data from,Golf Manor OH PD,Golf Manor,OH,https://transparency.flocksafety.com/golf-manor-oh-pd
Chicago can access data from,Golf Manor OH PD,Golf Manor,OH,https://transparency.flocksafety.com/golf-manor-oh-pd
Chicago can access data from,Grafton WI PD,Grafton,WI,https://transparency.flocksafety.com/grafton-wi-pd
Chicago can access data from,Grafton WI PD,Grafton,WI,https://transparency.flocksafety.com/grafton-wi-pd
Chicago can access data from,Grafton WI PD,Grafton,WI,https://transparency.flocksafety.com/grafton-wi-pd
Chicago can access data from,Grafton WI PD,Grafton,WI,https://transparency.flocksafety.com/grafton-wi-pd
Chicago can access data from,Grafton WI PD,Grafton,WI,https://transparency.flocksafety.com/grafton-wi-pd
Chicago can access data from,Grafton WI PD,Grafton,WI,https://transparency.flocksafety.com/grafton-wi-pd
Chicago can access data from,Grand Rapids MI PD,Grand Rapids,MI,https://transparency.flocksafety.com/grand-rapids-mi-pd
Chicago can access data from,Grand Rapids MI PD,Grand Rapids,MI,https://transparency.flocksafety.com/grand-rapids-mi-pd
Chicago can access data from,Grand Rapids MI PD,Grand Rapids,MI,https://transparency.flocksafety.com/grand-rapids-mi-pd
Chicago can access data from,Grand Rapids MI PD,Grand Rapids,MI,https://transparency.flocksafety.com/grand-rapids-mi-pd
Chicago can access data from,Grand Traverse County MI SO,Grand Traverse County,MI,https://transparency.flocksafety.com/grand-traverse-county-mi-so
Chicago can access data from,Grand Traverse County MI SO,Grand Traverse County,MI,https://transparency.flocksafety.com/grand-traverse-county-mi-so
Chicago can access data from,Grand Traverse County MI SO,Grand Traverse County,MI,https://transparency.flocksafety.com/grand-traverse-county-mi-so
Chicago can access data from,Grand Traverse County MI SO,Grand Traverse County,MI,https://transparency.flocksafety.com/grand-traverse-county-mi-so
Chicago can access data from,Greenfield IN PD,Greenfield,IN,https://transparency.flocksafety.com/greenfield-in-pd
Chicago can access data from,Greenfield IN PD,Greenfield,IN,https://transparency.flocksafety.com/greenfield-in-pd
Chicago can access data from,Greenfield IN PD,Greenfield,IN,https://transparency.flocksafety.com/greenfield-in-pd
Chicago can access data from,Greenfield IN PD,Greenfield,IN,https://transparency.flocksafety.com/greenfield-in-pd
Chicago can access data from,Greenwood IN PD,Greenwood,IN,https://transparency.flocksafety.com/greenwood-in-pd
Chicago can access data from,Greenwood IN PD,Greenwood,IN,https://transparency.flocksafety.com/greenwood-in-pd
Chicago can access data from,Greenwood IN PD,Greenwood,IN,https://transparency.flocksafety.com/greenwood-in-pd
Chicago can access data from,Greenwood IN PD,Greenwood,IN,https://transparency.flocksafety.com/greenwood-in-pd
Chicago can access data from,Hancock County IN SO,Hancock County,IN,https://transparency.flocksafety.com/hancock-county-in-so
Chicago can access data from,Hancock County IN SO,Hancock County,IN,https://transparency.flocksafety.com/hancock-county-in-so
Chicago can access data from,Hancock County IN SO,Hancock County,IN,https://transparency.flocksafety.com/hancock-county-in-so
Chicago can access data from,Hancock County IN SO,Hancock County,IN,https://transparency.flocksafety.com/hancock-county-in-so
Chicago can access data from,Hancock County IN SO,Hancock County,IN,https://transparency.flocksafety.com/hancock-county-in-so
Chicago can access data from,Hancock County IN SO,Hancock County,IN,https://transparency.flocksafety.com/hancock-county-in-so
Chicago can access data from,Herrin IL PD,Herrin,IL,https://transparency.flocksafety.com/herrin-il-pd
Chicago can access data from,Herrin IL PD,Herrin,IL,https://transparency.flocksafety.com/herrin-il-pd
Chicago can access data from,Herrin IL PD,Herrin,IL,https://transparency.flocksafety.com/herrin-il-pd
Chicago can access data from,Herrin IL PD,Herrin,IL,https://transparency.flocksafety.com/herrin-il-pd
Chicago can access data from,Herrin IL PD,Herrin,IL,https://transparency.flocksafety.com/herrin-il-pd
Chicago can access data from,Hinckley IL PD,Hinckley,IL,https://transparency.flocksafety.com/hinckley-il-pd
Chicago can access data from,Hinckley IL PD,Hinckley,IL,https://transparency.flocksafety.com/hinckley-il-pd
Chicago can access data from,Hinckley IL PD,Hinckley,IL,https://transparency.flocksafety.com/hinckley-il-pd
Chicago can access data from,Hinckley IL PD,Hinckley,IL,https://transparency.flocksafety.com/hinckley-il-pd
Chicago can access data from,Hinckley IL PD,Hinckley,IL,https://transparency.flocksafety.com/hinckley-il-pd
Chicago can access data from,Hudson WI PD,Hudson,WI,https://transparency.flocksafety.com/hudson-wi-pd
Chicago can access data from,Hudson WI PD,Hudson,WI,https://transparency.flocksafety.com/hudson-wi-pd
Chicago can access data from,Hudson WI PD,Hudson,WI,https://transparency.flocksafety.com/hudson-wi-pd
Chicago can access data from,Hudson WI PD,Hudson,WI,https://transparency.flocksafety.com/hudson-wi-pd
Chicago can access data from,Inverness IL PD,Inverness,IL,https://transparency.flocksafety.com/inverness-il-pd
Chicago can access data from,Inverness IL PD,Inverness,IL,https://transparency.flocksafety.com/inverness-il-pd
Chicago can access data from,Inverness IL PD,Inverness,IL,https://transparency.flocksafety.com/inverness-il-pd
Chicago can access data from,Inverness IL PD,Inverness,IL,https://transparency.flocksafety.com/inverness-il-pd
Chicago can access data from,Inverness IL PD,Inverness,IL,https://transparency.flocksafety.com/inverness-il-pd
Chicago can access data from,Junction City KS PD,Junction City,KS,https://transparency.flocksafety.com/junction-city-ks-pd
Chicago can access data from,Kane County IL SO,Kane County,IL,https://transparency.flocksafety.com/kane-county-il-so
Chicago can access data from,Kane County IL SO,Kane County,IL,https://transparency.flocksafety.com/kane-county-il-so
Chicago can access data from,Kane County IL SO,Kane County,IL,https://transparency.flocksafety.com/kane-county-il-so
Chicago can access data from,Kane County IL SO,Kane County,IL,https://transparency.flocksafety.com/kane-county-il-so
Chicago can access data from,Kane County IL SO,Kane County,IL,https://transparency.flocksafety.com/kane-county-il-so
Chicago can access data from,Kildeer IL PD,Kildeer,IL,https://transparency.flocksafety.com/kildeer-il-pd
Chicago can access data from,Kildeer IL PD,Kildeer,IL,https://transparency.flocksafety.com/kildeer-il-pd
Chicago can access data from,Kildeer IL PD,Kildeer,IL,https://transparency.flocksafety.com/kildeer-il-pd
Chicago can access data from,Kildeer IL PD,Kildeer,IL,https://transparency.flocksafety.com/kildeer-il-pd
Chicago can access data from,Kildeer IL PD,Kildeer,IL,https://transparency.flocksafety.com/kildeer-il-pd
Chicago can access data from,Knox County IL SO,Knox County,IL,https://transparency.flocksafety.com/knox-county-il-so
Chicago can access data from,Knox County IL SO,Knox County,IL,https://transparency.flocksafety.com/knox-county-il-so
Chicago can access data from,Knox County IL SO,Knox County,IL,https://transparency.flocksafety.com/knox-county-il-so
Chicago can access data from,Knox County IL SO,Knox County,IL,https://transparency.flocksafety.com/knox-county-il-so
Chicago can access data from,Knox County IL SO,Knox County,IL,https://transparency.flocksafety.com/knox-county-il-so
Chicago can access data from,Knox County IL SO,Knox County,IL,https://transparency.flocksafety.com/knox-county-il-so
Chicago can access data from,Lake City MN PD,Lake City,MN,https://transparency.flocksafety.com/lake-city-mn-pd
Chicago can access data from,Liberty MO PD,Liberty,MO,https://transparency.flocksafety.com/liberty-mo-pd
Chicago can access data from,Liberty MO PD,Liberty,MO,https://transparency.flocksafety.com/liberty-mo-pd
Chicago can access data from,Lithopolis OH PD,Lithopolis,OH,https://transparency.flocksafety.com/lithopolis-oh-pd
Chicago can access data from,Lithopolis OH PD,Lithopolis,OH,https://transparency.flocksafety.com/lithopolis-oh-pd
Chicago can access data from,Lithopolis OH PD,Lithopolis,OH,https://transparency.flocksafety.com/lithopolis-oh-pd
Chicago can access data from,Lithopolis OH PD,Lithopolis,OH,https://transparency.flocksafety.com/lithopolis-oh-pd
Chicago can access data from,Logan County KY SO,Logan County,KY,https://transparency.flocksafety.com/logan-county-ky-so
Chicago can access data from,Logan County KY SO,Logan County,KY,https://transparency.flocksafety.com/logan-county-ky-so
Chicago can access data from,Logan County KY SO,Logan County,KY,https://transparency.flocksafety.com/logan-county-ky-so
Chicago can access data from,Lombard IL PD,Lombard,IL,https://transparency.flocksafety.com/lombard-il-pd
Chicago can access data from,Lombard IL PD,Lombard,IL,https://transparency.flocksafety.com/lombard-il-pd
Chicago can access data from,Lombard IL PD,Lombard,IL,https://transparency.flocksafety.com/lombard-il-pd
Chicago can access data from,Lombard IL PD,Lombard,IL,https://transparency.flocksafety.com/lombard-il-pd
Chicago can access data from,Lombard IL PD,Lombard,IL,https://transparency.flocksafety.com/lombard-il-pd
Chicago can access data from,Lombard IL PD,Lombard,IL,https://transparency.flocksafety.com/lombard-il-pd
Chicago can access data from,Manchester MO PD,Manchester,MO,https://transparency.flocksafety.com/manchester-mo-pd
Chicago can access data from,Manteno IL PD,Manteno,IL,https://transparency.flocksafety.com/manteno-il-pd
Chicago can access data from,Manteno IL PD,Manteno,IL,https://transparency.flocksafety.com/manteno-il-pd
Chicago can access data from,Manteno IL PD,Manteno,IL,https://transparency.flocksafety.com/manteno-il-pd
Chicago can access data from,Manteno IL PD,Manteno,IL,https://transparency.flocksafety.com/manteno-il-pd
Chicago can access data from,Manteno IL PD,Manteno,IL,https://transparency.flocksafety.com/manteno-il-pd
Chicago can access data from,Manteno IL PD,Manteno,IL,https://transparency.flocksafety.com/manteno-il-pd
Chicago can access data from,Marathon County WI SO,Marathon County,WI,https://transparency.flocksafety.com/marathon-county-wi-so
Chicago can access data from,Marathon County WI SO,Marathon County,WI,https://transparency.flocksafety.com/marathon-county-wi-so
Chicago can access data from,Marathon County WI SO,Marathon County,WI,https://transparency.flocksafety.com/marathon-county-wi-so
Chicago can access data from,Marathon County WI SO,Marathon County,WI,https://transparency.flocksafety.com/marathon-county-wi-so
Chicago can access data from,Marathon County WI SO,Marathon County,WI,https://transparency.flocksafety.com/marathon-county-wi-so
Chicago can access data from,Marion County OH SO,Marion County,OH,https://transparency.flocksafety.com/marion-county-oh-so
Chicago can access data from,Marion County OH SO,Marion County,OH,https://transparency.flocksafety.com/marion-county-oh-so
Chicago can access data from,Marion County OH SO,Marion County,OH,https://transparency.flocksafety.com/marion-county-oh-so
Chicago can access data from,Marseilles IL PD,Marseilles,IL,https://transparency.flocksafety.com/marseilles-il-pd
Chicago can access data from,Marseilles IL PD,Marseilles,IL,https://transparency.flocksafety.com/marseilles-il-pd
Chicago can access data from,Marseilles IL PD,Marseilles,IL,https://transparency.flocksafety.com/marseilles-il-pd
Chicago can access data from,Marseilles IL PD,Marseilles,IL,https://transparency.flocksafety.com/marseilles-il-pd
Chicago can access data from,Marseilles IL PD,Marseilles,IL,https://transparency.flocksafety.com/marseilles-il-pd
Chicago can access data from,Marshall IL PD,Marshall,IL,https://transparency.flocksafety.com/marshall-il-pd
Chicago can access data from,Marshall IL PD,Marshall,IL,https://transparency.flocksafety.com/marshall-il-pd
Chicago can access data from,Maryville TN PD,Maryville,TN,https://transparency.flocksafety.com/maryville-tn-pd
Chicago can access data from,Maryville TN PD,Maryville,TN,https://transparency.flocksafety.com/maryville-tn-pd
Chicago can access data from,Maryville TN PD,Maryville,TN,https://transparency.flocksafety.com/maryville-tn-pd
Chicago can access data from,McHenry IL PD,McHenry,IL,https://transparency.flocksafety.com/mchenry-il-pd
Chicago can access data from,McHenry IL PD,McHenry,IL,https://transparency.flocksafety.com/mchenry-il-pd
Chicago can access data from,McHenry IL PD,McHenry,IL,https://transparency.flocksafety.com/mchenry-il-pd
Chicago can access data from,McHenry IL PD,McHenry,IL,https://transparency.flocksafety.com/mchenry-il-pd
Chicago can access data from,McHenry IL PD,McHenry,IL,https://transparency.flocksafety.com/mchenry-il-pd
Chicago can access data from,Metamora IL PD,Metamora,IL,https://transparency.flocksafety.com/metamora-il-pd
Chicago can access data from,Metamora IL PD,Metamora,IL,https://transparency.flocksafety.com/metamora-il-pd
Chicago can access data from,Metamora IL PD,Metamora,IL,https://transparency.flocksafety.com/metamora-il-pd
Chicago can access data from,Metamora IL PD,Metamora,IL,https://transparency.flocksafety.com/metamora-il-pd
Chicago can access data from,Metropolis IL PD,Metropolis,IL,https://transparency.flocksafety.com/metropolis-il-pd
Chicago can access data from,Metropolis IL PD,Metropolis,IL,https://transparency.flocksafety.com/metropolis-il-pd
Chicago can access data from,Metropolis IL PD,Metropolis,IL,https://transparency.flocksafety.com/metropolis-il-pd
Chicago can access data from,Metropolis IL PD,Metropolis,IL,https://transparency.flocksafety.com/metropolis-il-pd
Chicago can access data from,Michigan City IN PD,Michigan City,IN,https://transparency.flocksafety.com/michigan-city-in-pd
Chicago can access data from,Michigan City IN PD,Michigan City,IN,https://transparency.flocksafety.com/michigan-city-in-pd
Chicago can access data from,Michigan City IN PD,Michigan City,IN,https://transparency.flocksafety.com/michigan-city-in-pd
Chicago can access data from,Michigan City IN PD,Michigan City,IN,https://transparency.flocksafety.com/michigan-city-in-pd
Chicago can access data from,Michigan City IN PD,Michigan City,IN,https://transparency.flocksafety.com/michigan-city-in-pd
Chicago can access data from,Michigan City IN PD,Michigan City,IN,https://transparency.flocksafety.com/michigan-city-in-pd
Chicago can access data from,Minster OH PD,Minster,OH,https://transparency.flocksafety.com/minster-oh-pd
Chicago can access data from,Mitchell County NC SO,Mitchell County,NC,https://transparency.flocksafety.com/mitchell-county-nc-so
Chicago can access data from,Monett MO PD,Monett,MO,https://transparency.flocksafety.com/monett-mo-pd
Chicago can access data from,Monona WI PD,Monona,WI,https://transparency.flocksafety.com/monona-wi-pd
Chicago can access data from,Monona WI PD,Monona,WI,https://transparency.flocksafety.com/monona-wi-pd
Chicago can access data from,Monona WI PD,Monona,WI,https://transparency.flocksafety.com/monona-wi-pd
Chicago can access data from,Monona WI PD,Monona,WI,https://transparency.flocksafety.com/monona-wi-pd
Chicago can access data from,Morehead KY PD,Morehead,KY,https://transparency.flocksafety.com/morehead-ky-pd
Chicago can access data from,Morehead KY PD,Morehead,KY,https://transparency.flocksafety.com/morehead-ky-pd
Chicago can access data from,Morehead KY PD,Morehead,KY,https://transparency.flocksafety.com/morehead-ky-pd
Chicago can access data from,Morehead KY PD,Morehead,KY,https://transparency.flocksafety.com/morehead-ky-pd
Chicago can access data from,Morton IL PD,Morton,IL,https://transparency.flocksafety.com/morton-il-pd
Chicago can access data from,Morton IL PD,Morton,IL,https://transparency.flocksafety.com/morton-il-pd
Chicago can access data from,Morton IL PD,Morton,IL,https://transparency.flocksafety.com/morton-il-pd
Chicago can access data from,Morton IL PD,Morton,IL,https://transparency.flocksafety.com/morton-il-pd
Chicago can access data from,Morton IL PD,Morton,IL,https://transparency.flocksafety.com/morton-il-pd
Chicago can access data from,Naperville IL PD,Naperville,IL,https://transparency.flocksafety.com/naperville-il-pd
Chicago can access data from,Naperville IL PD,Naperville,IL,https://transparency.flocksafety.com/naperville-il-pd
Chicago can access data from,Naperville IL PD,Naperville,IL,https://transparency.flocksafety.com/naperville-il-pd
Chicago can access data from,Naperville IL PD,Naperville,IL,https://transparency.flocksafety.com/naperville-il-pd
Chicago can access data from,Naperville IL PD,Naperville,IL,https://transparency.flocksafety.com/naperville-il-pd
Chicago can access data from,Naperville IL PD,Naperville,IL,https://transparency.flocksafety.com/naperville-il-pd
Chicago can access data from,New Berlin WI PD,New Berlin,WI,https://transparency.flocksafety.com/new-berlin-wi-pd
Chicago can access data from,New Berlin WI PD,New Berlin,WI,https://transparency.flocksafety.com/new-berlin-wi-pd
Chicago can access data from,New Lenox IL PD,New Lenox,IL,https://transparency.flocksafety.com/new-lenox-il-pd
Chicago can access data from,New Lenox IL PD,New Lenox,IL,https://transparency.flocksafety.com/new-lenox-il-pd
Chicago can access data from,New Lenox IL PD,New Lenox,IL,https://transparency.flocksafety.com/new-lenox-il-pd
Chicago can access data from,New Lenox IL PD,New Lenox,IL,https://transparency.flocksafety.com/new-lenox-il-pd
Chicago can access data from,New Lenox IL PD,New Lenox,IL,https://transparency.flocksafety.com/new-lenox-il-pd
Chicago can access data from,New Lenox IL PD,New Lenox,IL,https://transparency.flocksafety.com/new-lenox-il-pd
Chicago can access data from,Newark OH PD,Newark,OH,https://transparency.flocksafety.com/newark-oh-pd
Chicago can access data from,Newark OH PD,Newark,OH,https://transparency.flocksafety.com/newark-oh-pd
Chicago can access data from,Newark OH PD,Newark,OH,https://transparency.flocksafety.com/newark-oh-pd
Chicago can access data from,Newark OH PD,Newark,OH,https://transparency.flocksafety.com/newark-oh-pd
Chicago can access data from,Niles IL PD,Niles,IL,https://transparency.flocksafety.com/niles-il-pd
Chicago can access data from,Niles IL PD,Niles,IL,https://transparency.flocksafety.com/niles-il-pd
Chicago can access data from,Niles IL PD,Niles,IL,https://transparency.flocksafety.com/niles-il-pd
Chicago can access data from,Niles IL PD,Niles,IL,https://transparency.flocksafety.com/niles-il-pd
Chicago can access data from,Niles IL PD,Niles,IL,https://transparency.flocksafety.com/niles-il-pd
Chicago can access data from,Niles IL PD,Niles,IL,https://transparency.flocksafety.com/niles-il-pd
Chicago can access data from,Niles OH PD,Niles,OH,https://transparency.flocksafety.com/niles-oh-pd
Chicago can access data from,Niles OH PD,Niles,OH,https://transparency.flocksafety.com/niles-oh-pd
Chicago can access data from,Niles OH PD,Niles,OH,https://transparency.flocksafety.com/niles-oh-pd
Chicago can access data from,Niles OH PD,Niles,OH,https://transparency.flocksafety.com/niles-oh-pd
Chicago can access data from,Nixa MO PD,Nixa,MO,https://transparency.flocksafety.com/nixa-mo-pd
Chicago can access data from,Nixa MO PD,Nixa,MO,https://transparency.flocksafety.com/nixa-mo-pd
Chicago can access data from,Nixa MO PD,Nixa,MO,https://transparency.flocksafety.com/nixa-mo-pd
Chicago can access data from,Nixa MO PD,Nixa,MO,https://transparency.flocksafety.com/nixa-mo-pd
Chicago can access data from,Oak Lawn IL PD,Oak Lawn,IL,https://transparency.flocksafety.com/oak-lawn-il-pd
Chicago can access data from,Oak Lawn IL PD,Oak Lawn,IL,https://transparency.flocksafety.com/oak-lawn-il-pd
Chicago can access data from,Oak Lawn IL PD,Oak Lawn,IL,https://transparency.flocksafety.com/oak-lawn-il-pd
Chicago can access data from,Oak Lawn IL PD,Oak Lawn,IL,https://transparency.flocksafety.com/oak-lawn-il-pd
Chicago can access data from,Oak Lawn IL PD,Oak Lawn,IL,https://transparency.flocksafety.com/oak-lawn-il-pd
Chicago can access data from,Oak Lawn IL PD,Oak Lawn,IL,https://transparency.flocksafety.com/oak-lawn-il-pd
Chicago can access data from,Orange County FL SO,Orange County,FL,https://transparency.flocksafety.com/orange-county-fl-so
Chicago can access data from,Orange County FL SO,Orange County,FL,https://transparency.flocksafety.com/orange-county-fl-so
Chicago can access data from,Orange County FL SO,Orange County,FL,https://transparency.flocksafety.com/orange-county-fl-so
Chicago can access data from,Orange County FL SO,Orange County,FL,https://transparency.flocksafety.com/orange-county-fl-so
Chicago can access data from,Oregon OH PD,Oregon,OH,https://transparency.flocksafety.com/oregon-oh-pd
Chicago can access data from,Ottawa County OH SO,Ottawa County,OH,https://transparency.flocksafety.com/ottawa-county-oh-so
Chicago can access data from,Ottawa County OH SO,Ottawa County,OH,https://transparency.flocksafety.com/ottawa-county-oh-so
Chicago can access data from,Ottawa County OH SO,Ottawa County,OH,https://transparency.flocksafety.com/ottawa-county-oh-so
Chicago can access data from,Ottawa County OH SO,Ottawa County,OH,https://transparency.flocksafety.com/ottawa-county-oh-so
Chicago can access data from,Ottawa IL PD,Ottawa,IL,https://transparency.flocksafety.com/ottawa-il-pd
Chicago can access data from,Ottawa IL PD,Ottawa,IL,https://transparency.flocksafety.com/ottawa-il-pd
Chicago can access data from,Ottawa IL PD,Ottawa,IL,https://transparency.flocksafety.com/ottawa-il-pd
Chicago can access data from,Ottawa IL PD,Ottawa,IL,https://transparency.flocksafety.com/ottawa-il-pd
Chicago can access data from,Ottawa IL PD,Ottawa,IL,https://transparency.flocksafety.com/ottawa-il-pd
Chicago can access data from,Ottawa IL PD,Ottawa,IL,https://transparency.flocksafety.com/ottawa-il-pd
Chicago can access data from,Palmyra MO PD,Palmyra,MO,https://transparency.flocksafety.com/palmyra-mo-pd
Chicago can access data from,Park Ridge IL PD,Park Ridge,IL,https://transparency.flocksafety.com/park-ridge-il-pd
Chicago can access data from,Park Ridge IL PD,Park Ridge,IL,https://transparency.flocksafety.com/park-ridge-il-pd
Chicago can access data from,Park Ridge IL PD,Park Ridge,IL,https://transparency.flocksafety.com/park-ridge-il-pd
Chicago can access data from,Park Ridge IL PD,Park Ridge,IL,https://transparency.flocksafety.com/park-ridge-il-pd
Chicago can access data from,Park Ridge IL PD,Park Ridge,IL,https://transparency.flocksafety.com/park-ridge-il-pd
Chicago can access data from,Parma OH PD,Parma,OH,https://transparency.flocksafety.com/parma-oh-pd
Chicago can access data from,Parma OH PD,Parma,OH,https://transparency.flocksafety.com/parma-oh-pd
Chicago can access data from,Parma OH PD,Parma,OH,https://transparency.flocksafety.com/parma-oh-pd
Chicago can access data from,Parma OH PD,Parma,OH,https://transparency.flocksafety.com/parma-oh-pd
Chicago can access data from,Parsons KS PD,Parsons,KS,https://transparency.flocksafety.com/parsons-ks-pd
Chicago can access data from,Pekin IL PD,Pekin,IL,https://transparency.flocksafety.com/pekin-il-pd
Chicago can access data from,Pekin IL PD,Pekin,IL,https://transparency.flocksafety.com/pekin-il-pd
Chicago can access data from,Pekin IL PD,Pekin,IL,https://transparency.flocksafety.com/pekin-il-pd
Chicago can access data from,Pekin IL PD,Pekin,IL,https://transparency.flocksafety.com/pekin-il-pd
Chicago can access data from,Pekin IL PD,Pekin,IL,https://transparency.flocksafety.com/pekin-il-pd
Chicago can access data from,Pierce Township OH PD,Pierce Township,OH,https://transparency.flocksafety.com/pierce-township-oh-pd
Chicago can access data from,Piperton TN PD,Piperton,TN,https://transparency.flocksafety.com/piperton-tn-pd
Chicago can access data from,Piperton TN PD,Piperton,TN,https://transparency.flocksafety.com/piperton-tn-pd
Chicago can access data from,Pittsboro IN PD,Pittsboro,IN,https://transparency.flocksafety.com/pittsboro-in-pd
Chicago can access data from,Pittsboro IN PD,Pittsboro,IN,https://transparency.flocksafety.com/pittsboro-in-pd
Chicago can access data from,Pittsboro IN PD,Pittsboro,IN,https://transparency.flocksafety.com/pittsboro-in-pd
Chicago can access data from,Pittsboro IN PD,Pittsboro,IN,https://transparency.flocksafety.com/pittsboro-in-pd
Chicago can access data from,Pittsboro IN PD,Pittsboro,IN,https://transparency.flocksafety.com/pittsboro-in-pd
Chicago can access data from,Pittsboro IN PD,Pittsboro,IN,https://transparency.flocksafety.com/pittsboro-in-pd
Chicago can access data from,Plainfield IN PD,Plainfield,IN,https://transparency.flocksafety.com/plainfield-in-pd
Chicago can access data from,Plainfield IN PD,Plainfield,IN,https://transparency.flocksafety.com/plainfield-in-pd
Chicago can access data from,Plainfield IN PD,Plainfield,IN,https://transparency.flocksafety.com/plainfield-in-pd
Chicago can access data from,Plainfield IN PD,Plainfield,IN,https://transparency.flocksafety.com/plainfield-in-pd
Chicago can access data from,Plainfield IN PD,Plainfield,IN,https://transparency.flocksafety.com/plainfield-in-pd
Chicago can access data from,Pontiac IL PD,Pontiac,IL,https://transparency.flocksafety.com/pontiac-il-pd
Chicago can access data from,Pontiac IL PD,Pontiac,IL,https://transparency.flocksafety.com/pontiac-il-pd
Chicago can access data from,Pontiac IL PD,Pontiac,IL,https://transparency.flocksafety.com/pontiac-il-pd
Chicago can access data from,Pontiac IL PD,Pontiac,IL,https://transparency.flocksafety.com/pontiac-il-pd
Chicago can access data from,Pontiac IL PD,Pontiac,IL,https://transparency.flocksafety.com/pontiac-il-pd
Chicago can access data from,Port Clinton OH PD,Port Clinton,OH,https://transparency.flocksafety.com/port-clinton-oh-pd
Chicago can access data from,Port Clinton OH PD,Port Clinton,OH,https://transparency.flocksafety.com/port-clinton-oh-pd
Chicago can access data from,Port Clinton OH PD,Port Clinton,OH,https://transparency.flocksafety.com/port-clinton-oh-pd
Chicago can access data from,Portage MI PD,Portage,MI,https://transparency.flocksafety.com/portage-mi-pd
Chicago can access data from,Portage MI PD,Portage,MI,https://transparency.flocksafety.com/portage-mi-pd
Chicago can access data from,Portage MI PD,Portage,MI,https://transparency.flocksafety.com/portage-mi-pd
Chicago can access data from,Portage MI PD,Portage,MI,https://transparency.flocksafety.com/portage-mi-pd
Chicago can access data from,Portage MI PD,Portage,MI,https://transparency.flocksafety.com/portage-mi-pd
Chicago can access data from,Portage MI PD,Portage,MI,https://transparency.flocksafety.com/portage-mi-pd
Chicago can access data from,Powell OH PD,Powell,OH,https://transparency.flocksafety.com/powell-oh-pd
Chicago can access data from,Powell OH PD,Powell,OH,https://transparency.flocksafety.com/powell-oh-pd
Chicago can access data from,Powell OH PD,Powell,OH,https://transparency.flocksafety.com/powell-oh-pd
Chicago can access data from,Powell OH PD,Powell,OH,https://transparency.flocksafety.com/powell-oh-pd
Chicago can access data from,Prospect Heights IL PD,Prospect Heights,IL,https://transparency.flocksafety.com/prospect-heights-il-pd
Chicago can access data from,Prospect Heights IL PD,Prospect Heights,IL,https://transparency.flocksafety.com/prospect-heights-il-pd
Chicago can access data from,Prospect Heights IL PD,Prospect Heights,IL,https://transparency.flocksafety.com/prospect-heights-il-pd
Chicago can access data from,Prospect Heights IL PD,Prospect Heights,IL,https://transparency.flocksafety.com/prospect-heights-il-pd
Chicago can access data from,Prospect Heights IL PD,Prospect Heights,IL,https://transparency.flocksafety.com/prospect-heights-il-pd
Chicago can access data from,Prospect Heights IL PD,Prospect Heights,IL,https://transparency.flocksafety.com/prospect-heights-il-pd
Chicago can access data from,Richmond Heights MO PD,Richmond Heights,MO,https://transparency.flocksafety.com/richmond-heights-mo-pd
Chicago can access data from,Richmond Heights MO PD,Richmond Heights,MO,https://transparency.flocksafety.com/richmond-heights-mo-pd
Chicago can access data from,Richmond Heights MO PD,Richmond Heights,MO,https://transparency.flocksafety.com/richmond-heights-mo-pd
Chicago can access data from,Richmond Heights MO PD,Richmond Heights,MO,https://transparency.flocksafety.com/richmond-heights-mo-pd
Chicago can access data from,River Falls WI PD,River Falls,WI,https://transparency.flocksafety.com/river-falls-wi-pd
Chicago can access data from,Riverwoods IL PD,Riverwoods,IL,https://transparency.flocksafety.com/riverwoods-il-pd
Chicago can access data from,Riverwoods IL PD,Riverwoods,IL,https://transparency.flocksafety.com/riverwoods-il-pd
Chicago can access data from,Riverwoods IL PD,Riverwoods,IL,https://transparency.flocksafety.com/riverwoods-il-pd
Chicago can access data from,Riverwoods IL PD,Riverwoods,IL,https://transparency.flocksafety.com/riverwoods-il-pd
Chicago can access data from,Riverwoods IL PD,Riverwoods,IL,https://transparency.flocksafety.com/riverwoods-il-pd
Chicago can access data from,Riverwoods IL PD,Riverwoods,IL,https://transparency.flocksafety.com/riverwoods-il-pd
Chicago can access data from,Rockwood TN PD,Rockwood,TN,https://transparency.flocksafety.com/rockwood-tn-pd
Chicago can access data from,Rockwood TN PD,Rockwood,TN,https://transparency.flocksafety.com/rockwood-tn-pd
Chicago can access data from,Rockwood TN PD,Rockwood,TN,https://transparency.flocksafety.com/rockwood-tn-pd
Chicago can access data from,Rockwood TN PD,Rockwood,TN,https://transparency.flocksafety.com/rockwood-tn-pd
Chicago can access data from,Rolling Meadows IL PD,Rolling Meadows,IL,https://transparency.flocksafety.com/rolling-meadows-il-pd
Chicago can access data from,Rolling Meadows IL PD,Rolling Meadows,IL,https://transparency.flocksafety.com/rolling-meadows-il-pd
Chicago can access data from,Rolling Meadows IL PD,Rolling Meadows,IL,https://transparency.flocksafety.com/rolling-meadows-il-pd
Chicago can access data from,Rolling Meadows IL PD,Rolling Meadows,IL,https://transparency.flocksafety.com/rolling-meadows-il-pd
Chicago can access data from,Rolling Meadows IL PD,Rolling Meadows,IL,https://transparency.flocksafety.com/rolling-meadows-il-pd
Chicago can access data from,Rolling Meadows IL PD,Rolling Meadows,IL,https://transparency.flocksafety.com/rolling-meadows-il-pd
Chicago can access data from,Round Lake Park IL PD,Round Lake Park,IL,https://transparency.flocksafety.com/round-lake-park-il-pd
Chicago can access data from,Round Lake Park IL PD,Round Lake Park,IL,https://transparency.flocksafety.com/round-lake-park-il-pd
Chicago can access data from,Round Lake Park IL PD,Round Lake Park,IL,https://transparency.flocksafety.com/round-lake-park-il-pd
Chicago can access data from,Round Lake Park IL PD,Round Lake Park,IL,https://transparency.flocksafety.com/round-lake-park-il-pd
Chicago can access data from,Sangamon County IL SO,Sangamon County,IL,https://transparency.flocksafety.com/sangamon-county-il-so
Chicago can access data from,Sangamon County IL SO,Sangamon County,IL,https://transparency.flocksafety.com/sangamon-county-il-so
Chicago can access data from,Sangamon County IL SO,Sangamon County,IL,https://transparency.flocksafety.com/sangamon-county-il-so
Chicago can access data from,Sangamon County IL SO,Sangamon County,IL,https://transparency.flocksafety.com/sangamon-county-il-so
Chicago can access data from,Sangamon County IL SO,Sangamon County,IL,https://transparency.flocksafety.com/sangamon-county-il-so
Chicago can access data from,Sarpy County NE SO,Sarpy County,NE,https://transparency.flocksafety.com/sarpy-county-ne-so
Chicago can access data from,Sarpy County NE SO,Sarpy County,NE,https://transparency.flocksafety.com/sarpy-county-ne-so
Chicago can access data from,Sarpy County NE SO,Sarpy County,NE,https://transparency.flocksafety.com/sarpy-county-ne-so
Chicago can access data from,Sevierville TN PD,Sevierville,TN,https://transparency.flocksafety.com/sevierville-tn-pd
Chicago can access data from,Sevierville TN PD,Sevierville,TN,https://transparency.flocksafety.com/sevierville-tn-pd
Chicago can access data from,Sevierville TN PD,Sevierville,TN,https://transparency.flocksafety.com/sevierville-tn-pd
Chicago can access data from,Sevierville TN PD,Sevierville,TN,https://transparency.flocksafety.com/sevierville-tn-pd
Chicago can access data from,Sharon WI PD,Sharon,WI,https://transparency.flocksafety.com/sharon-wi-pd
Chicago can access data from,Shelby County TN SO,Shelby County,TN,https://transparency.flocksafety.com/shelby-county-tn-so
Chicago can access data from,Shelby County TN SO,Shelby County,TN,https://transparency.flocksafety.com/shelby-county-tn-so
Chicago can access data from,Shelby County TN SO,Shelby County,TN,https://transparency.flocksafety.com/shelby-county-tn-so
Chicago can access data from,Shelby County TN SO,Shelby County,TN,https://transparency.flocksafety.com/shelby-county-tn-so
Chicago can access data from,Shelby County TN SO,Shelby County,TN,https://transparency.flocksafety.com/shelby-county-tn-so
Chicago can access data from,Sidney OH PD,Sidney,OH,https://transparency.flocksafety.com/sidney-oh-pd
Chicago can access data from,Sidney OH PD,Sidney,OH,https://transparency.flocksafety.com/sidney-oh-pd
Chicago can access data from,Sidney OH PD,Sidney,OH,https://transparency.flocksafety.com/sidney-oh-pd
Chicago can access data from,Sidney OH PD,Sidney,OH,https://transparency.flocksafety.com/sidney-oh-pd
Chicago can access data from,Slinger WI PD,Slinger,WI,https://transparency.flocksafety.com/slinger-wi-pd
Chicago can access data from,Slinger WI PD,Slinger,WI,https://transparency.flocksafety.com/slinger-wi-pd
Chicago can access data from,Slinger WI PD,Slinger,WI,https://transparency.flocksafety.com/slinger-wi-pd
Chicago can access data from,Slinger WI PD,Slinger,WI,https://transparency.flocksafety.com/slinger-wi-pd
Chicago can access data from,Slinger WI PD,Slinger,WI,https://transparency.flocksafety.com/slinger-wi-pd
Chicago can access data from,Slinger WI PD,Slinger,WI,https://transparency.flocksafety.com/slinger-wi-pd
Chicago can access data from,Sparta TN PD,Sparta,TN,https://transparency.flocksafety.com/sparta-tn-pd
Chicago can access data from,Sparta TN PD,Sparta,TN,https://transparency.flocksafety.com/sparta-tn-pd
Chicago can access data from,Sparta TN PD,Sparta,TN,https://transparency.flocksafety.com/sparta-tn-pd
Chicago can access data from,Spring Hill TN PD,Spring Hill,TN,https://transparency.flocksafety.com/spring-hill-tn-pd
Chicago can access data from,Spring Hill TN PD,Spring Hill,TN,https://transparency.flocksafety.com/spring-hill-tn-pd
Chicago can access data from,Spring Hill TN PD,Spring Hill,TN,https://transparency.flocksafety.com/spring-hill-tn-pd
Chicago can access data from,Spring Hill TN PD,Spring Hill,TN,https://transparency.flocksafety.com/spring-hill-tn-pd
Chicago can access data from,Springfield MO PD,Springfield,MO,https://transparency.flocksafety.com/springfield-mo-pd
Chicago can access data from,Springfield OH PD,Springfield,OH,https://transparency.flocksafety.com/springfield-oh-pd
Chicago can access data from,Springfield OH PD,Springfield,OH,https://transparency.flocksafety.com/springfield-oh-pd
Chicago can access data from,Springfield OH PD,Springfield,OH,https://transparency.flocksafety.com/springfield-oh-pd
Chicago can access data from,St Charles IL PD,St. Charles,IL,https://transparency.flocksafety.com/st-charles-il-pd
Chicago can access data from,St Charles IL PD,St. Charles,IL,https://transparency.flocksafety.com/st-charles-il-pd
Chicago can access data from,St Charles IL PD,St. Charles,IL,https://transparency.flocksafety.com/st-charles-il-pd
Chicago can access data from,St Charles IL PD,St. Charles,IL,https://transparency.flocksafety.com/st-charles-il-pd
Chicago can access data from,St Charles IL PD,St. Charles,IL,https://transparency.flocksafety.com/st-charles-il-pd
Chicago can access data from,St. Francois County MO SO,St. Francois County,MO,https://transparency.flocksafety.com/st-francois-county-mo-so
Chicago can access data from,St. Francois County MO SO,St. Francois County,MO,https://transparency.flocksafety.com/st-francois-county-mo-so
Chicago can access data from,St. Francois County MO SO,St. Francois County,MO,https://transparency.flocksafety.com/st-francois-county-mo-so
Chicago can access data from,St. Francois County MO SO,St. Francois County,MO,https://transparency.flocksafety.com/st-francois-county-mo-so
Chicago can access data from,Sylvania OH PD,Sylvania,OH,https://transparency.flocksafety.com/sylvania-oh-pd
Chicago can access data from,Sylvania OH PD,Sylvania,OH,https://transparency.flocksafety.com/sylvania-oh-pd
Chicago can access data from,Sylvania OH PD,Sylvania,OH,https://transparency.flocksafety.com/sylvania-oh-pd
Chicago can access data from,Sylvania OH PD,Sylvania,OH,https://transparency.flocksafety.com/sylvania-oh-pd
Chicago can access data from,Thornton CO PD,Thornton,CO,https://transparency.flocksafety.com/thornton-co-pd
Chicago can access data from,Tipp City OH PD,Tipp City,OH,https://transparency.flocksafety.com/tipp-city-oh-pd
Chicago can access data from,Tipp City OH PD,Tipp City,OH,https://transparency.flocksafety.com/tipp-city-oh-pd
Chicago can access data from,Toledo OH PD,Toledo,OH,https://transparency.flocksafety.com/toledo-oh-pd
Chicago can access data from,Toledo OH PD,Toledo,OH,https://transparency.flocksafety.com/toledo-oh-pd
Chicago can access data from,Toledo OH PD,Toledo,OH,https://transparency.flocksafety.com/toledo-oh-pd
Chicago can access data from,Toledo OH PD,Toledo,OH,https://transparency.flocksafety.com/toledo-oh-pd
Chicago can access data from,Toledo OH PD,Toledo,OH,https://transparency.flocksafety.com/toledo-oh-pd
Chicago can access data from,Twinsburg OH PD,Twinsburg,OH,https://transparency.flocksafety.com/twinsburg-oh-pd
Chicago can access data from,Twinsburg OH PD,Twinsburg,OH,https://transparency.flocksafety.com/twinsburg-oh-pd
Chicago can access data from,Twinsburg OH PD,Twinsburg,OH,https://transparency.flocksafety.com/twinsburg-oh-pd
Chicago can access data from,Twinsburg OH PD,Twinsburg,OH,https://transparency.flocksafety.com/twinsburg-oh-pd
Chicago can access data from,Warrenville IL PD,Warrenville,IL,https://transparency.flocksafety.com/warrenville-il-pd
Chicago can access data from,Warrenville IL PD,Warrenville,IL,https://transparency.flocksafety.com/warrenville-il-pd
Chicago can access data from,Warrenville IL PD,Warrenville,IL,https://transparency.flocksafety.com/warrenville-il-pd
Chicago can access data from,Warrenville IL PD,Warrenville,IL,https://transparency.flocksafety.com/warrenville-il-pd
Chicago can access data from,Warrenville IL PD,Warrenville,IL,https://transparency.flocksafety.com/warrenville-il-pd
Chicago can access data from,Washington IA PD,Washington,IA,https://transparency.flocksafety.com/washington-ia-pd
Chicago can access data from,Waterville OH PD,Waterville,OH,https://transparency.flocksafety.com/waterville-oh-pd
Chicago can access data from,Waterville OH PD,Waterville,OH,https://transparency.flocksafety.com/waterville-oh-pd
Chicago can access data from,Waterville OH PD,Waterville,OH,https://transparency.flocksafety.com/waterville-oh-pd
Chicago can access data from,Waterville OH PD,Waterville,OH,https://transparency.flocksafety.com/waterville-oh-pd
Chicago can access data from,Wauconda IL PD,Wauconda,IL,https://transparency.flocksafety.com/wauconda-il-pd
Chicago can access data from,Wauconda IL PD,Wauconda,IL,https://transparency.flocksafety.com/wauconda-il-pd
Chicago can access data from,Wauconda IL PD,Wauconda,IL,https://transparency.flocksafety.com/wauconda-il-pd
Chicago can access data from,Wauconda IL PD,Wauconda,IL,https://transparency.flocksafety.com/wauconda-il-pd
Chicago can access data from,Wauconda IL PD,Wauconda,IL,https://transparency.flocksafety.com/wauconda-il-pd
Chicago can access data from,Webster Groves MO PD,Webster Groves,MO,https://transparency.flocksafety.com/webster-groves-mo-pd
Chicago can access data from,Webster Groves MO PD,Webster Groves,MO,https://transparency.flocksafety.com/webster-groves-mo-pd
Chicago can access data from,Webster Groves MO PD,Webster Groves,MO,https://transparency.flocksafety.com/webster-groves-mo-pd
Chicago can access data from,Webster Groves MO PD,Webster Groves,MO,https://transparency.flocksafety.com/webster-groves-mo-pd
Chicago can access data from,Wentzville MO PD,Wentzville,MO,https://transparency.flocksafety.com/wentzville-mo-pd
Chicago can access data from,Wentzville MO PD,Wentzville,MO,https://transparency.flocksafety.com/wentzville-mo-pd
Chicago can access data from,Wentzville MO PD,Wentzville,MO,https://transparency.flocksafety.com/wentzville-mo-pd
Chicago can access data from,Wentzville MO PD,Wentzville,MO,https://transparency.flocksafety.com/wentzville-mo-pd
Chicago can access data from,West Des Moines IA PD,West Des Moines,IA,https://transparency.flocksafety.com/west-des-moines-ia-pd
Chicago can access data from,West Des Moines IA PD,West Des Moines,IA,https://transparency.flocksafety.com/west-des-moines-ia-pd
Chicago can access data from,West Des Moines IA PD,West Des Moines,IA,https://transparency.flocksafety.com/west-des-moines-ia-pd
Chicago can access data from,West Des Moines IA PD,West Des Moines,IA,https://transparency.flocksafety.com/west-des-moines-ia-pd
Chicago can access data from,West Des Moines IA PD,West Des Moines,IA,https://transparency.flocksafety.com/west-des-moines-ia-pd
Chicago can access data from,West Des Moines IA PD,West Des Moines,IA,https://transparency.flocksafety.com/west-des-moines-ia-pd
Chicago can access data from,Westfield IN PD,Westfield,IN,https://transparency.flocksafety.com/westfield-in-pd
Chicago can access data from,Westfield IN PD,Westfield,IN,https://transparency.flocksafety.com/westfield-in-pd
Chicago can access data from,Westfield IN PD,Westfield,IN,https://transparency.flocksafety.com/westfield-in-pd
Chicago can access data from,Westfield IN PD,Westfield,IN,https://transparency.flocksafety.com/westfield-in-pd
Chicago can access data from,Westfield IN PD,Westfield,IN,https://transparency.flocksafety.com/westfield-in-pd
Chicago can access data from,Whitestown IN PD,Whitestown,IN,https://transparency.flocksafety.com/whitestown-in-pd
Chicago can access data from,Whitestown IN PD,Whitestown,IN,https://transparency.flocksafety.com/whitestown-in-pd
Chicago can access data from,Whitestown IN PD,Whitestown,IN,https://transparency.flocksafety.com/whitestown-in-pd
Chicago can access data from,Whitestown IN PD,Whitestown,IN,https://transparency.flocksafety.com/whitestown-in-pd
Chicago can access data from,Whitestown IN PD,Whitestown,IN,https://transparency.flocksafety.com/whitestown-in-pd
Chicago can access data from,Whitestown IN PD,Whitestown,IN,https://transparency.flocksafety.com/whitestown-in-pd
Chicago can access data from,Willowbrook IL PD,Willowbrook,IL,https://transparency.flocksafety.com/willowbrook-il-pd
Chicago can access data from,Willowbrook IL PD,Willowbrook,IL,https://transparency.flocksafety.com/willowbrook-il-pd
Chicago can access data from,Willowbrook IL PD,Willowbrook,IL,https://transparency.flocksafety.com/willowbrook-il-pd
Chicago can access data from,Willowbrook IL PD,Willowbrook,IL,https://transparency.flocksafety.com/willowbrook-il-pd
Chicago can access data from,Willowbrook IL PD,Willowbrook,IL,https://transparency.flocksafety.com/willowbrook-il-pd
Chicago can access data from,Willowbrook IL PD,Willowbrook,IL,https://transparency.flocksafety.com/willowbrook-il-pd
Chicago can access data from,Wilmington IL PD,Wilmington,IL,https://transparency.flocksafety.com/wilmington-il-pd
Chicago can access data from,Wilmington IL PD,Wilmington,IL,https://transparency.flocksafety.com/wilmington-il-pd
Chicago can access data from,Wilmington IL PD,Wilmington,IL,https://transparency.flocksafety.com/wilmington-il-pd
Chicago can access data from,Wilmington IL PD,Wilmington,IL,https://transparency.flocksafety.com/wilmington-il-pd
Chicago can access data from,Wilmington IL PD,Wilmington,IL,https://transparency.flocksafety.com/wilmington-il-pd
Chicago can access data from,Wilmington IL PD,Wilmington,IL,https://transparency.flocksafety.com/wilmington-il-pd
Chicago can access data from,Winnebago County WI SO,Winnebago County,WI,https://transparency.flocksafety.com/winnebago-county-wi-so
Chicago can access data from,Winnebago County WI SO,Winnebago County,WI,https://transparency.flocksafety.com/winnebago-county-wi-so
Chicago can access data from,Winnebago County WI SO,Winnebago County,WI,https://transparency.flocksafety.com/winnebago-county-wi-so
Chicago can access data from,Woodridge IL PD,Woodridge,IL,https://transparency.flocksafety.com/woodridge-il-pd
Chicago can access data from,Woodridge IL PD,Woodridge,IL,https://transparency.flocksafety.com/woodridge-il-pd
Chicago can access data from,Woodridge IL PD,Woodridge,IL,https://transparency.flocksafety.com/woodridge-il-pd
Chicago can access data from,Woodridge IL PD,Woodridge,IL,https://transparency.flocksafety.com/woodridge-il-pd
Chicago can access data from,Woodridge IL PD,Woodridge,IL,https://transparency.flocksafety.com/woodridge-il-pd
Chicago can access data from,Woodridge IL PD,Woodridge,IL,https://transparency.flocksafety.com/woodridge-il-pd
Chicago can access data from,Woodstock IL PD,Woodstock,IL,https://transparency.flocksafety.com/woodstock-il-pd
Chicago can access data from,Woodstock IL PD,Woodstock,IL,https://transparency.flocksafety.com/woodstock-il-pd
Chicago can access data from,Woodstock IL PD,Woodstock,IL,https://transparency.flocksafety.com/woodstock-il-pd
Chicago can access data from,Woodstock IL PD,Woodstock,IL,https://transparency.flocksafety.com/woodstock-il-pd
Chicago can access data from,Woodstock IL PD,Woodstock,IL,https://transparency.flocksafety.com/woodstock-il-pd
Chicago can access data from,Woodstock IL PD,Woodstock,IL,https://transparency.flocksafety.com/woodstock-il-pd
Chicago can access data from,Wright City MO PD,Wright City,MO,https://transparency.flocksafety.com/wright-city-mo-pd
Chicago can access data from,Wright City MO PD,Wright City,MO,https://transparency.flocksafety.com/wright-city-mo-pd
Chicago can access data from,Wright City MO PD,Wright City,MO,https://transparency.flocksafety.com/wright-city-mo-pd
Chicago can access data from,Wright City MO PD,Wright City,MO,https://transparency.flocksafety.com/wright-city-mo-pd
Chicago can access data from,Wyoming MI PD,Wyoming,MI,https://transparency.flocksafety.com/wyoming-mi-pd
Chicago can access data from,Wyoming MI PD,Wyoming,MI,https://transparency.flocksafety.com/wyoming-mi-pd
Chicago can access data from,Wyoming MI PD,Wyoming,MI,https://transparency.flocksafety.com/wyoming-mi-pd
Chicago can access data from,bloomingdale-il-pd,,,
Chicago can access data from,bloomingdale-il-pd,,,
Chicago can access data from,bloomingdale-il-pd,,,
Chicago can access data from,bloomingdale-il-pd,,,
Chicago can access data from,bloomingdale-il-pd,,,
Chicago can access data from,bloomingdale-il-pd,,,
Chicago can access data from,delhi-oh-pd,,,
Chicago can access data from,delhi-oh-pd,,,
Chicago can access data from,delhi-oh-pd,,,
Chicago can access data from,delhi-oh-pd,,,
Chicago can access data from,geneseo-il-pd,,,
Chicago can access data from,geneseo-il-pd,,,
Chicago can access data from,geneseo-il-pd,,,
Chicago can access data from,geneseo-il-pd,,,
Chicago can access data from,geneseo-il-pd,,,
Chicago can access data from,grand-blanc-mi-pd,,,
Chicago can access data from,grand-blanc-mi-pd,,,
Chicago can access data from,grand-blanc-mi-pd,,,
Chicago can access data from,grandville-mi-pd,,,
Chicago can access data from,grandville-mi-pd,,,
Chicago can access data from,grandville-mi-pd,,,
Chicago can access data from,hamburg-ny-pd,,,
Chicago can access data from,hamburg-ny-pd,,,
Chicago can access data from,hamburg-ny-pd,,,
Chicago can access data from,hamburg-ny-pd,,,
Chicago can access data from,lafayette-in-pd,,,
Chicago can access data from,lafayette-in-pd,,,
Chicago can access data from,lafayette-in-pd,,,
Chicago can access data from,lafayette-in-pd,,,
Chicago can access data from,lafayette-in-pd,,,
Chicago can access data from,lafayette-in-pd,,,
Chicago can access data from,lake-bluff-il-pd,,,
Chicago can access data from,milford-oh-pd,,,
Chicago can access data from,milford-oh-pd,,,
Chicago can access data from,paxton-il-pd,,,
Chicago can access data from,paxton-il-pd,,,
Chicago can access data from,paxton-il-pd,,,
Chicago can access data from,paxton-il-pd,,,
Chicago can access data from,paxton-il-pd,,,
Chicago can access data from,pingree-grove-il-pd,,,
Chicago can access data from,pingree-grove-il-pd,,,
Chicago can access data from,pingree-grove-il-pd,,,
Chicago can access data from,pingree-grove-il-pd,,,
Chicago can access data from,river-grove-il-pd,,,
Chicago can access data from,river-grove-il-pd,,,
Chicago can access data from,river-grove-il-pd,,,
Chicago can access data from,river-grove-il-pd,,,
Chicago can access data from,river-grove-il-pd,,,
Chicago can access data from,river-grove-il-pd,,,
Chicago can access data from,roselle-il-pd,,,
Chicago can access data from,roselle-il-pd,,,
Chicago can access data from,roselle-il-pd,,,
Chicago can access data from,roselle-il-pd,,,
Chicago can access data from,roselle-il-pd,,,
Chicago can access data from,roselle-il-pd,,,
Chicago can access data from,vanderburgh-county-in-so,,,
Chicago can access data from,vanderburgh-county-in-so,,,
Chicago can access data from,vanderburgh-county-in-so,,,
Chicago can access data from,vanderburgh-county-in-so,,,
Chicago can access data from,vanderburgh-county-in-so,,,
Chicago can access data from,warrick-county-in-so,,,
Chicago can access data from,warrick-county-in-so,,,
Chicago can access data from,warrick-county-in-so,,,
Chicago can access data from,warrick-county-in-so,,,
Chicago can access data from,warrick-county-in-so,,,
Chicago can access data from,willard-oh-pd,,,
Chicago can access data from,willard-oh-pd,,,
Chicago can access data from,willard-oh-pd,,,
